train_loss_mean,train_loss_std,train_accuracy_mean,train_accuracy_std,train_task_learning_rate_num_step_0_layer_dict.conv0.conv.weight_mean,train_task_learning_rate_num_step_0_layer_dict.conv0.conv.weight_std,train_task_learning_rate_num_step_0_layer_dict.conv0.conv.bias_mean,train_task_learning_rate_num_step_0_layer_dict.conv0.conv.bias_std,train_task_learning_rate_num_step_0_layer_dict.conv1.conv.weight_mean,train_task_learning_rate_num_step_0_layer_dict.conv1.conv.weight_std,train_task_learning_rate_num_step_0_layer_dict.conv1.conv.bias_mean,train_task_learning_rate_num_step_0_layer_dict.conv1.conv.bias_std,train_task_learning_rate_num_step_0_layer_dict.conv2.conv.weight_mean,train_task_learning_rate_num_step_0_layer_dict.conv2.conv.weight_std,train_task_learning_rate_num_step_0_layer_dict.conv2.conv.bias_mean,train_task_learning_rate_num_step_0_layer_dict.conv2.conv.bias_std,train_task_learning_rate_num_step_0_layer_dict.conv3.conv.weight_mean,train_task_learning_rate_num_step_0_layer_dict.conv3.conv.weight_std,train_task_learning_rate_num_step_0_layer_dict.conv3.conv.bias_mean,train_task_learning_rate_num_step_0_layer_dict.conv3.conv.bias_std,train_task_learning_rate_num_step_0_layer_dict.linear.weights_mean,train_task_learning_rate_num_step_0_layer_dict.linear.weights_std,train_task_learning_rate_num_step_0_layer_dict.linear.bias_mean,train_task_learning_rate_num_step_0_layer_dict.linear.bias_std,train_task_learning_rate_num_step_1_layer_dict.conv0.conv.weight_mean,train_task_learning_rate_num_step_1_layer_dict.conv0.conv.weight_std,train_task_learning_rate_num_step_1_layer_dict.conv0.conv.bias_mean,train_task_learning_rate_num_step_1_layer_dict.conv0.conv.bias_std,train_task_learning_rate_num_step_1_layer_dict.conv1.conv.weight_mean,train_task_learning_rate_num_step_1_layer_dict.conv1.conv.weight_std,train_task_learning_rate_num_step_1_layer_dict.conv1.conv.bias_mean,train_task_learning_rate_num_step_1_layer_dict.conv1.conv.bias_std,train_task_learning_rate_num_step_1_layer_dict.conv2.conv.weight_mean,train_task_learning_rate_num_step_1_layer_dict.conv2.conv.weight_std,train_task_learning_rate_num_step_1_layer_dict.conv2.conv.bias_mean,train_task_learning_rate_num_step_1_layer_dict.conv2.conv.bias_std,train_task_learning_rate_num_step_1_layer_dict.conv3.conv.weight_mean,train_task_learning_rate_num_step_1_layer_dict.conv3.conv.weight_std,train_task_learning_rate_num_step_1_layer_dict.conv3.conv.bias_mean,train_task_learning_rate_num_step_1_layer_dict.conv3.conv.bias_std,train_task_learning_rate_num_step_1_layer_dict.linear.weights_mean,train_task_learning_rate_num_step_1_layer_dict.linear.weights_std,train_task_learning_rate_num_step_1_layer_dict.linear.bias_mean,train_task_learning_rate_num_step_1_layer_dict.linear.bias_std,train_task_learning_rate_num_step_2_layer_dict.conv0.conv.weight_mean,train_task_learning_rate_num_step_2_layer_dict.conv0.conv.weight_std,train_task_learning_rate_num_step_2_layer_dict.conv0.conv.bias_mean,train_task_learning_rate_num_step_2_layer_dict.conv0.conv.bias_std,train_task_learning_rate_num_step_2_layer_dict.conv1.conv.weight_mean,train_task_learning_rate_num_step_2_layer_dict.conv1.conv.weight_std,train_task_learning_rate_num_step_2_layer_dict.conv1.conv.bias_mean,train_task_learning_rate_num_step_2_layer_dict.conv1.conv.bias_std,train_task_learning_rate_num_step_2_layer_dict.conv2.conv.weight_mean,train_task_learning_rate_num_step_2_layer_dict.conv2.conv.weight_std,train_task_learning_rate_num_step_2_layer_dict.conv2.conv.bias_mean,train_task_learning_rate_num_step_2_layer_dict.conv2.conv.bias_std,train_task_learning_rate_num_step_2_layer_dict.conv3.conv.weight_mean,train_task_learning_rate_num_step_2_layer_dict.conv3.conv.weight_std,train_task_learning_rate_num_step_2_layer_dict.conv3.conv.bias_mean,train_task_learning_rate_num_step_2_layer_dict.conv3.conv.bias_std,train_task_learning_rate_num_step_2_layer_dict.linear.weights_mean,train_task_learning_rate_num_step_2_layer_dict.linear.weights_std,train_task_learning_rate_num_step_2_layer_dict.linear.bias_mean,train_task_learning_rate_num_step_2_layer_dict.linear.bias_std,train_task_learning_rate_num_step_3_layer_dict.conv0.conv.weight_mean,train_task_learning_rate_num_step_3_layer_dict.conv0.conv.weight_std,train_task_learning_rate_num_step_3_layer_dict.conv0.conv.bias_mean,train_task_learning_rate_num_step_3_layer_dict.conv0.conv.bias_std,train_task_learning_rate_num_step_3_layer_dict.conv1.conv.weight_mean,train_task_learning_rate_num_step_3_layer_dict.conv1.conv.weight_std,train_task_learning_rate_num_step_3_layer_dict.conv1.conv.bias_mean,train_task_learning_rate_num_step_3_layer_dict.conv1.conv.bias_std,train_task_learning_rate_num_step_3_layer_dict.conv2.conv.weight_mean,train_task_learning_rate_num_step_3_layer_dict.conv2.conv.weight_std,train_task_learning_rate_num_step_3_layer_dict.conv2.conv.bias_mean,train_task_learning_rate_num_step_3_layer_dict.conv2.conv.bias_std,train_task_learning_rate_num_step_3_layer_dict.conv3.conv.weight_mean,train_task_learning_rate_num_step_3_layer_dict.conv3.conv.weight_std,train_task_learning_rate_num_step_3_layer_dict.conv3.conv.bias_mean,train_task_learning_rate_num_step_3_layer_dict.conv3.conv.bias_std,train_task_learning_rate_num_step_3_layer_dict.linear.weights_mean,train_task_learning_rate_num_step_3_layer_dict.linear.weights_std,train_task_learning_rate_num_step_3_layer_dict.linear.bias_mean,train_task_learning_rate_num_step_3_layer_dict.linear.bias_std,train_task_learning_rate_num_step_4_layer_dict.conv0.conv.weight_mean,train_task_learning_rate_num_step_4_layer_dict.conv0.conv.weight_std,train_task_learning_rate_num_step_4_layer_dict.conv0.conv.bias_mean,train_task_learning_rate_num_step_4_layer_dict.conv0.conv.bias_std,train_task_learning_rate_num_step_4_layer_dict.conv1.conv.weight_mean,train_task_learning_rate_num_step_4_layer_dict.conv1.conv.weight_std,train_task_learning_rate_num_step_4_layer_dict.conv1.conv.bias_mean,train_task_learning_rate_num_step_4_layer_dict.conv1.conv.bias_std,train_task_learning_rate_num_step_4_layer_dict.conv2.conv.weight_mean,train_task_learning_rate_num_step_4_layer_dict.conv2.conv.weight_std,train_task_learning_rate_num_step_4_layer_dict.conv2.conv.bias_mean,train_task_learning_rate_num_step_4_layer_dict.conv2.conv.bias_std,train_task_learning_rate_num_step_4_layer_dict.conv3.conv.weight_mean,train_task_learning_rate_num_step_4_layer_dict.conv3.conv.weight_std,train_task_learning_rate_num_step_4_layer_dict.conv3.conv.bias_mean,train_task_learning_rate_num_step_4_layer_dict.conv3.conv.bias_std,train_task_learning_rate_num_step_4_layer_dict.linear.weights_mean,train_task_learning_rate_num_step_4_layer_dict.linear.weights_std,train_task_learning_rate_num_step_4_layer_dict.linear.bias_mean,train_task_learning_rate_num_step_4_layer_dict.linear.bias_std,train_loss_importance_vector_0_mean,train_loss_importance_vector_0_std,train_loss_importance_vector_1_mean,train_loss_importance_vector_1_std,train_loss_importance_vector_2_mean,train_loss_importance_vector_2_std,train_loss_importance_vector_3_mean,train_loss_importance_vector_3_std,train_loss_importance_vector_4_mean,train_loss_importance_vector_4_std,train_learning_rate_mean,train_learning_rate_std,val_loss_mean,val_loss_std,val_accuracy_mean,val_accuracy_std,val_task_learning_rate_num_step_0_layer_dict.conv0.conv.weight_mean,val_task_learning_rate_num_step_0_layer_dict.conv0.conv.weight_std,val_task_learning_rate_num_step_0_layer_dict.conv0.conv.bias_mean,val_task_learning_rate_num_step_0_layer_dict.conv0.conv.bias_std,val_task_learning_rate_num_step_0_layer_dict.conv1.conv.weight_mean,val_task_learning_rate_num_step_0_layer_dict.conv1.conv.weight_std,val_task_learning_rate_num_step_0_layer_dict.conv1.conv.bias_mean,val_task_learning_rate_num_step_0_layer_dict.conv1.conv.bias_std,val_task_learning_rate_num_step_0_layer_dict.conv2.conv.weight_mean,val_task_learning_rate_num_step_0_layer_dict.conv2.conv.weight_std,val_task_learning_rate_num_step_0_layer_dict.conv2.conv.bias_mean,val_task_learning_rate_num_step_0_layer_dict.conv2.conv.bias_std,val_task_learning_rate_num_step_0_layer_dict.conv3.conv.weight_mean,val_task_learning_rate_num_step_0_layer_dict.conv3.conv.weight_std,val_task_learning_rate_num_step_0_layer_dict.conv3.conv.bias_mean,val_task_learning_rate_num_step_0_layer_dict.conv3.conv.bias_std,val_task_learning_rate_num_step_0_layer_dict.linear.weights_mean,val_task_learning_rate_num_step_0_layer_dict.linear.weights_std,val_task_learning_rate_num_step_0_layer_dict.linear.bias_mean,val_task_learning_rate_num_step_0_layer_dict.linear.bias_std,val_task_learning_rate_num_step_1_layer_dict.conv0.conv.weight_mean,val_task_learning_rate_num_step_1_layer_dict.conv0.conv.weight_std,val_task_learning_rate_num_step_1_layer_dict.conv0.conv.bias_mean,val_task_learning_rate_num_step_1_layer_dict.conv0.conv.bias_std,val_task_learning_rate_num_step_1_layer_dict.conv1.conv.weight_mean,val_task_learning_rate_num_step_1_layer_dict.conv1.conv.weight_std,val_task_learning_rate_num_step_1_layer_dict.conv1.conv.bias_mean,val_task_learning_rate_num_step_1_layer_dict.conv1.conv.bias_std,val_task_learning_rate_num_step_1_layer_dict.conv2.conv.weight_mean,val_task_learning_rate_num_step_1_layer_dict.conv2.conv.weight_std,val_task_learning_rate_num_step_1_layer_dict.conv2.conv.bias_mean,val_task_learning_rate_num_step_1_layer_dict.conv2.conv.bias_std,val_task_learning_rate_num_step_1_layer_dict.conv3.conv.weight_mean,val_task_learning_rate_num_step_1_layer_dict.conv3.conv.weight_std,val_task_learning_rate_num_step_1_layer_dict.conv3.conv.bias_mean,val_task_learning_rate_num_step_1_layer_dict.conv3.conv.bias_std,val_task_learning_rate_num_step_1_layer_dict.linear.weights_mean,val_task_learning_rate_num_step_1_layer_dict.linear.weights_std,val_task_learning_rate_num_step_1_layer_dict.linear.bias_mean,val_task_learning_rate_num_step_1_layer_dict.linear.bias_std,val_task_learning_rate_num_step_2_layer_dict.conv0.conv.weight_mean,val_task_learning_rate_num_step_2_layer_dict.conv0.conv.weight_std,val_task_learning_rate_num_step_2_layer_dict.conv0.conv.bias_mean,val_task_learning_rate_num_step_2_layer_dict.conv0.conv.bias_std,val_task_learning_rate_num_step_2_layer_dict.conv1.conv.weight_mean,val_task_learning_rate_num_step_2_layer_dict.conv1.conv.weight_std,val_task_learning_rate_num_step_2_layer_dict.conv1.conv.bias_mean,val_task_learning_rate_num_step_2_layer_dict.conv1.conv.bias_std,val_task_learning_rate_num_step_2_layer_dict.conv2.conv.weight_mean,val_task_learning_rate_num_step_2_layer_dict.conv2.conv.weight_std,val_task_learning_rate_num_step_2_layer_dict.conv2.conv.bias_mean,val_task_learning_rate_num_step_2_layer_dict.conv2.conv.bias_std,val_task_learning_rate_num_step_2_layer_dict.conv3.conv.weight_mean,val_task_learning_rate_num_step_2_layer_dict.conv3.conv.weight_std,val_task_learning_rate_num_step_2_layer_dict.conv3.conv.bias_mean,val_task_learning_rate_num_step_2_layer_dict.conv3.conv.bias_std,val_task_learning_rate_num_step_2_layer_dict.linear.weights_mean,val_task_learning_rate_num_step_2_layer_dict.linear.weights_std,val_task_learning_rate_num_step_2_layer_dict.linear.bias_mean,val_task_learning_rate_num_step_2_layer_dict.linear.bias_std,val_task_learning_rate_num_step_3_layer_dict.conv0.conv.weight_mean,val_task_learning_rate_num_step_3_layer_dict.conv0.conv.weight_std,val_task_learning_rate_num_step_3_layer_dict.conv0.conv.bias_mean,val_task_learning_rate_num_step_3_layer_dict.conv0.conv.bias_std,val_task_learning_rate_num_step_3_layer_dict.conv1.conv.weight_mean,val_task_learning_rate_num_step_3_layer_dict.conv1.conv.weight_std,val_task_learning_rate_num_step_3_layer_dict.conv1.conv.bias_mean,val_task_learning_rate_num_step_3_layer_dict.conv1.conv.bias_std,val_task_learning_rate_num_step_3_layer_dict.conv2.conv.weight_mean,val_task_learning_rate_num_step_3_layer_dict.conv2.conv.weight_std,val_task_learning_rate_num_step_3_layer_dict.conv2.conv.bias_mean,val_task_learning_rate_num_step_3_layer_dict.conv2.conv.bias_std,val_task_learning_rate_num_step_3_layer_dict.conv3.conv.weight_mean,val_task_learning_rate_num_step_3_layer_dict.conv3.conv.weight_std,val_task_learning_rate_num_step_3_layer_dict.conv3.conv.bias_mean,val_task_learning_rate_num_step_3_layer_dict.conv3.conv.bias_std,val_task_learning_rate_num_step_3_layer_dict.linear.weights_mean,val_task_learning_rate_num_step_3_layer_dict.linear.weights_std,val_task_learning_rate_num_step_3_layer_dict.linear.bias_mean,val_task_learning_rate_num_step_3_layer_dict.linear.bias_std,val_task_learning_rate_num_step_4_layer_dict.conv0.conv.weight_mean,val_task_learning_rate_num_step_4_layer_dict.conv0.conv.weight_std,val_task_learning_rate_num_step_4_layer_dict.conv0.conv.bias_mean,val_task_learning_rate_num_step_4_layer_dict.conv0.conv.bias_std,val_task_learning_rate_num_step_4_layer_dict.conv1.conv.weight_mean,val_task_learning_rate_num_step_4_layer_dict.conv1.conv.weight_std,val_task_learning_rate_num_step_4_layer_dict.conv1.conv.bias_mean,val_task_learning_rate_num_step_4_layer_dict.conv1.conv.bias_std,val_task_learning_rate_num_step_4_layer_dict.conv2.conv.weight_mean,val_task_learning_rate_num_step_4_layer_dict.conv2.conv.weight_std,val_task_learning_rate_num_step_4_layer_dict.conv2.conv.bias_mean,val_task_learning_rate_num_step_4_layer_dict.conv2.conv.bias_std,val_task_learning_rate_num_step_4_layer_dict.conv3.conv.weight_mean,val_task_learning_rate_num_step_4_layer_dict.conv3.conv.weight_std,val_task_learning_rate_num_step_4_layer_dict.conv3.conv.bias_mean,val_task_learning_rate_num_step_4_layer_dict.conv3.conv.bias_std,val_task_learning_rate_num_step_4_layer_dict.linear.weights_mean,val_task_learning_rate_num_step_4_layer_dict.linear.weights_std,val_task_learning_rate_num_step_4_layer_dict.linear.bias_mean,val_task_learning_rate_num_step_4_layer_dict.linear.bias_std,val_loss_importance_vector_0_mean,val_loss_importance_vector_0_std,val_loss_importance_vector_1_mean,val_loss_importance_vector_1_std,val_loss_importance_vector_2_mean,val_loss_importance_vector_2_std,val_loss_importance_vector_3_mean,val_loss_importance_vector_3_std,val_loss_importance_vector_4_mean,val_loss_importance_vector_4_std,epoch,epoch_run_time
7.650763036727906,3.786366171704198,0.8545499999999999,0.07206713883594935,0.10000000149011612,0.0,0.10000000149011612,0.0,0.10000000149011612,0.0,0.10000000149011612,0.0,0.10000000149011612,0.0,0.10000000149011612,0.0,0.10000000149011612,0.0,0.10000000149011612,0.0,0.10000000149011612,0.0,0.10000000149011612,0.0,0.10000000149011612,0.0,0.10000000149011612,0.0,0.10000000149011612,0.0,0.10000000149011612,0.0,0.10000000149011612,0.0,0.10000000149011612,0.0,0.10000000149011612,0.0,0.10000000149011612,0.0,0.10000000149011612,0.0,0.10000000149011612,0.0,0.10000000149011612,0.0,0.10000000149011612,0.0,0.10000000149011612,0.0,0.10000000149011612,0.0,0.10000000149011612,0.0,0.10000000149011612,0.0,0.10000000149011612,0.0,0.10000000149011612,0.0,0.10000000149011612,0.0,0.10000000149011612,0.0,0.10000000149011612,0.0,0.10000000149011612,0.0,0.10000000149011612,0.0,0.10000000149011612,0.0,0.10000000149011612,0.0,0.10000000149011612,0.0,0.10000000149011612,0.0,0.10000000149011612,0.0,0.10000000149011612,0.0,0.10000000149011612,0.0,0.10000000149011612,0.0,0.10000000149011612,0.0,0.10000000149011612,0.0,0.10000000149011612,0.0,0.10000000149011612,0.0,0.10000000149011612,0.0,0.10000000149011612,0.0,0.10000000149011612,0.0,0.10000000149011612,0.0,0.10000000149011612,0.0,0.20000000298023224,0.0,0.20000000298023224,0.0,0.20000000298023224,0.0,0.20000000298023224,0.0,0.20000000298023224,0.0,0.0010000000000000005,4.336808689942018e-19,4.280552361462568,1.209203370421264,0.9135135135135134,0.032018045268104006,0.10000000149011612,0.0,0.10000000149011612,0.0,0.10000000149011612,0.0,0.10000000149011612,0.0,0.10000000149011612,0.0,0.10000000149011612,0.0,0.10000000149011612,0.0,0.10000000149011612,0.0,0.10000000149011612,0.0,0.10000000149011612,0.0,0.10000000149011612,0.0,0.10000000149011612,0.0,0.10000000149011612,0.0,0.10000000149011612,0.0,0.10000000149011612,0.0,0.10000000149011612,0.0,0.10000000149011612,0.0,0.10000000149011612,0.0,0.10000000149011612,0.0,0.10000000149011612,0.0,0.10000000149011612,0.0,0.10000000149011612,0.0,0.10000000149011612,0.0,0.10000000149011612,0.0,0.10000000149011612,0.0,0.10000000149011612,0.0,0.10000000149011612,0.0,0.10000000149011612,0.0,0.10000000149011612,0.0,0.10000000149011612,0.0,0.10000000149011612,0.0,0.10000000149011612,0.0,0.10000000149011612,0.0,0.10000000149011612,0.0,0.10000000149011612,0.0,0.10000000149011612,0.0,0.10000000149011612,0.0,0.10000000149011612,0.0,0.10000000149011612,0.0,0.10000000149011612,0.0,0.10000000149011612,0.0,0.10000000149011612,0.0,0.10000000149011612,0.0,0.10000000149011612,0.0,0.10000000149011612,0.0,0.10000000149011612,0.0,0.10000000149011612,0.0,0.10000000149011612,0.0,0.10000000149011612,0.0,0.10000000149011612,0.0,0.20000000298023224,0.0,0.20000000298023224,0.0,0.20000000298023224,0.0,0.20000000298023224,0.0,0.20000000298023224,0.0,1,828.8001906871796
3.537094872236252,1.000828079436434,0.9296,0.030782949826161865,0.10000000149011612,0.0,0.10000000149011612,0.0,0.10000000149011612,0.0,0.10000000149011612,0.0,0.10000000149011612,0.0,0.10000000149011612,0.0,0.10000000149011612,0.0,0.10000000149011612,0.0,0.10000000149011612,0.0,0.10000000149011612,0.0,0.10000000149011612,0.0,0.10000000149011612,0.0,0.10000000149011612,0.0,0.10000000149011612,0.0,0.10000000149011612,0.0,0.10000000149011612,0.0,0.10000000149011612,0.0,0.10000000149011612,0.0,0.10000000149011612,0.0,0.10000000149011612,0.0,0.10000000149011612,0.0,0.10000000149011612,0.0,0.10000000149011612,0.0,0.10000000149011612,0.0,0.10000000149011612,0.0,0.10000000149011612,0.0,0.10000000149011612,0.0,0.10000000149011612,0.0,0.10000000149011612,0.0,0.10000000149011612,0.0,0.10000000149011612,0.0,0.10000000149011612,0.0,0.10000000149011612,0.0,0.10000000149011612,0.0,0.10000000149011612,0.0,0.10000000149011612,0.0,0.10000000149011612,0.0,0.10000000149011612,0.0,0.10000000149011612,0.0,0.10000000149011612,0.0,0.10000000149011612,0.0,0.10000000149011612,0.0,0.10000000149011612,0.0,0.10000000149011612,0.0,0.10000000149011612,0.0,0.10000000149011612,0.0,0.10000000149011612,0.0,0.10000000149011612,0.0,0.10000000149011612,0.0,0.10000000149011612,0.0,0.18000000715255737,0.0,0.18000000715255737,0.0,0.18000000715255737,0.0,0.18000000715255737,0.0,0.2800000011920929,0.0,0.0009997557473810372,0.0,2.9947775731215605,0.8619343449753492,0.9344594594594595,0.024729175891006875,0.10000000149011612,0.0,0.10000000149011612,0.0,0.10000000149011612,0.0,0.10000000149011612,0.0,0.10000000149011612,0.0,0.10000000149011612,0.0,0.10000000149011612,0.0,0.10000000149011612,0.0,0.10000000149011612,0.0,0.10000000149011612,0.0,0.10000000149011612,0.0,0.10000000149011612,0.0,0.10000000149011612,0.0,0.10000000149011612,0.0,0.10000000149011612,0.0,0.10000000149011612,0.0,0.10000000149011612,0.0,0.10000000149011612,0.0,0.10000000149011612,0.0,0.10000000149011612,0.0,0.10000000149011612,0.0,0.10000000149011612,0.0,0.10000000149011612,0.0,0.10000000149011612,0.0,0.10000000149011612,0.0,0.10000000149011612,0.0,0.10000000149011612,0.0,0.10000000149011612,0.0,0.10000000149011612,0.0,0.10000000149011612,0.0,0.10000000149011612,0.0,0.10000000149011612,0.0,0.10000000149011612,0.0,0.10000000149011612,0.0,0.10000000149011612,0.0,0.10000000149011612,0.0,0.10000000149011612,0.0,0.10000000149011612,0.0,0.10000000149011612,0.0,0.10000000149011612,0.0,0.10000000149011612,0.0,0.10000000149011612,0.0,0.10000000149011612,0.0,0.10000000149011612,0.0,0.10000000149011612,0.0,0.10000000149011612,0.0,0.10000000149011612,0.0,0.10000000149011612,0.0,0.10000000149011612,0.0,0.10000000149011612,0.0,0.18000000715255737,0.0,0.18000000715255737,0.0,0.18000000715255737,0.0,0.18000000715255737,0.0,0.2800000011920929,0.0,2,899.9401566982269
2.607007638335228,0.9564211317540017,0.9467749999999998,0.02764573882174248,0.10000000149011612,0.0,0.10000000149011612,0.0,0.10000000149011612,0.0,0.10000000149011612,0.0,0.10000000149011612,0.0,0.10000000149011612,0.0,0.10000000149011612,0.0,0.10000000149011612,0.0,0.10000000149011612,0.0,0.10000000149011612,0.0,0.10000000149011612,0.0,0.10000000149011612,0.0,0.10000000149011612,0.0,0.10000000149011612,0.0,0.10000000149011612,0.0,0.10000000149011612,0.0,0.10000000149011612,0.0,0.10000000149011612,0.0,0.10000000149011612,0.0,0.10000000149011612,0.0,0.10000000149011612,0.0,0.10000000149011612,0.0,0.10000000149011612,0.0,0.10000000149011612,0.0,0.10000000149011612,0.0,0.10000000149011612,0.0,0.10000000149011612,0.0,0.10000000149011612,0.0,0.10000000149011612,0.0,0.10000000149011612,0.0,0.10000000149011612,0.0,0.10000000149011612,0.0,0.10000000149011612,0.0,0.10000000149011612,0.0,0.10000000149011612,0.0,0.10000000149011612,0.0,0.10000000149011612,0.0,0.10000000149011612,0.0,0.10000000149011612,0.0,0.10000000149011612,0.0,0.10000000149011612,0.0,0.10000000149011612,0.0,0.10000000149011612,0.0,0.10000000149011612,0.0,0.10000000149011612,0.0,0.10000000149011612,0.0,0.10000000149011612,0.0,0.10000000149011612,0.0,0.10000000149011612,0.0,0.10000000149011612,0.0,0.1599999964237213,0.0,0.1599999964237213,0.0,0.1599999964237213,0.0,0.1599999964237213,0.0,0.36000001430511475,0.0,0.0009990232305719941,2.168404344971009e-19,2.255736724750416,0.8643918780170016,0.9513513513513512,0.02479370693501185,0.10000000149011612,0.0,0.10000000149011612,0.0,0.10000000149011612,0.0,0.10000000149011612,0.0,0.10000000149011612,0.0,0.10000000149011612,0.0,0.10000000149011612,0.0,0.10000000149011612,0.0,0.10000000149011612,0.0,0.10000000149011612,0.0,0.10000000149011612,0.0,0.10000000149011612,0.0,0.10000000149011612,0.0,0.10000000149011612,0.0,0.10000000149011612,0.0,0.10000000149011612,0.0,0.10000000149011612,0.0,0.10000000149011612,0.0,0.10000000149011612,0.0,0.10000000149011612,0.0,0.10000000149011612,0.0,0.10000000149011612,0.0,0.10000000149011612,0.0,0.10000000149011612,0.0,0.10000000149011612,0.0,0.10000000149011612,0.0,0.10000000149011612,0.0,0.10000000149011612,0.0,0.10000000149011612,0.0,0.10000000149011612,0.0,0.10000000149011612,0.0,0.10000000149011612,0.0,0.10000000149011612,0.0,0.10000000149011612,0.0,0.10000000149011612,0.0,0.10000000149011612,0.0,0.10000000149011612,0.0,0.10000000149011612,0.0,0.10000000149011612,0.0,0.10000000149011612,0.0,0.10000000149011612,0.0,0.10000000149011612,0.0,0.10000000149011612,0.0,0.10000000149011612,0.0,0.10000000149011612,0.0,0.10000000149011612,0.0,0.10000000149011612,0.0,0.10000000149011612,0.0,0.10000000149011612,0.0,0.10000000149011612,0.0,0.1599999964237213,0.0,0.1599999964237213,0.0,0.1599999964237213,0.0,0.1599999964237213,0.0,0.36000001430511475,0.0,3,1020.125061750412
2.159676911652088,0.9426824933655761,0.9571000000000001,0.02559716781208421,0.10000000149011612,0.0,0.10000000149011612,0.0,0.10000000149011612,0.0,0.10000000149011612,0.0,0.10000000149011612,0.0,0.10000000149011612,0.0,0.10000000149011612,0.0,0.10000000149011612,0.0,0.10000000149011612,0.0,0.10000000149011612,0.0,0.10000000149011612,0.0,0.10000000149011612,0.0,0.10000000149011612,0.0,0.10000000149011612,0.0,0.10000000149011612,0.0,0.10000000149011612,0.0,0.10000000149011612,0.0,0.10000000149011612,0.0,0.10000000149011612,0.0,0.10000000149011612,0.0,0.10000000149011612,0.0,0.10000000149011612,0.0,0.10000000149011612,0.0,0.10000000149011612,0.0,0.10000000149011612,0.0,0.10000000149011612,0.0,0.10000000149011612,0.0,0.10000000149011612,0.0,0.10000000149011612,0.0,0.10000000149011612,0.0,0.10000000149011612,0.0,0.10000000149011612,0.0,0.10000000149011612,0.0,0.10000000149011612,0.0,0.10000000149011612,0.0,0.10000000149011612,0.0,0.10000000149011612,0.0,0.10000000149011612,0.0,0.10000000149011612,0.0,0.10000000149011612,0.0,0.10000000149011612,0.0,0.10000000149011612,0.0,0.10000000149011612,0.0,0.10000000149011612,0.0,0.10000000149011612,0.0,0.10000000149011612,0.0,0.10000000149011612,0.0,0.10000000149011612,0.0,0.10000000149011612,0.0,0.10000000149011612,0.0,0.14000000059604645,0.0,0.14000000059604645,0.0,0.14000000059604645,0.0,0.14000000059604645,0.0,0.4399999976158142,0.0,0.0009978031724785245,0.0,2.0869402305499927,0.8645652135503576,0.9557432432432431,0.0204663935552175,0.10000000149011612,0.0,0.10000000149011612,0.0,0.10000000149011612,0.0,0.10000000149011612,0.0,0.10000000149011612,0.0,0.10000000149011612,0.0,0.10000000149011612,0.0,0.10000000149011612,0.0,0.10000000149011612,0.0,0.10000000149011612,0.0,0.10000000149011612,0.0,0.10000000149011612,0.0,0.10000000149011612,0.0,0.10000000149011612,0.0,0.10000000149011612,0.0,0.10000000149011612,0.0,0.10000000149011612,0.0,0.10000000149011612,0.0,0.10000000149011612,0.0,0.10000000149011612,0.0,0.10000000149011612,0.0,0.10000000149011612,0.0,0.10000000149011612,0.0,0.10000000149011612,0.0,0.10000000149011612,0.0,0.10000000149011612,0.0,0.10000000149011612,0.0,0.10000000149011612,0.0,0.10000000149011612,0.0,0.10000000149011612,0.0,0.10000000149011612,0.0,0.10000000149011612,0.0,0.10000000149011612,0.0,0.10000000149011612,0.0,0.10000000149011612,0.0,0.10000000149011612,0.0,0.10000000149011612,0.0,0.10000000149011612,0.0,0.10000000149011612,0.0,0.10000000149011612,0.0,0.10000000149011612,0.0,0.10000000149011612,0.0,0.10000000149011612,0.0,0.10000000149011612,0.0,0.10000000149011612,0.0,0.10000000149011612,0.0,0.10000000149011612,0.0,0.10000000149011612,0.0,0.10000000149011612,0.0,0.10000000149011612,0.0,0.14000000059604645,0.0,0.14000000059604645,0.0,0.14000000059604645,0.0,0.14000000059604645,0.0,0.4399999976158142,0.0,4,1017.4443325996399
1.7948035897016525,0.8239376218788208,0.9636999999999999,0.02128226961580931,0.10000000149011612,0.0,0.10000000149011612,0.0,0.10000000149011612,0.0,0.10000000149011612,0.0,0.10000000149011612,0.0,0.10000000149011612,0.0,0.10000000149011612,0.0,0.10000000149011612,0.0,0.10000000149011612,0.0,0.10000000149011612,0.0,0.10000000149011612,0.0,0.10000000149011612,0.0,0.10000000149011612,0.0,0.10000000149011612,0.0,0.10000000149011612,0.0,0.10000000149011612,0.0,0.10000000149011612,0.0,0.10000000149011612,0.0,0.10000000149011612,0.0,0.10000000149011612,0.0,0.10000000149011612,0.0,0.10000000149011612,0.0,0.10000000149011612,0.0,0.10000000149011612,0.0,0.10000000149011612,0.0,0.10000000149011612,0.0,0.10000000149011612,0.0,0.10000000149011612,0.0,0.10000000149011612,0.0,0.10000000149011612,0.0,0.10000000149011612,0.0,0.10000000149011612,0.0,0.10000000149011612,0.0,0.10000000149011612,0.0,0.10000000149011612,0.0,0.10000000149011612,0.0,0.10000000149011612,0.0,0.10000000149011612,0.0,0.10000000149011612,0.0,0.10000000149011612,0.0,0.10000000149011612,0.0,0.10000000149011612,0.0,0.10000000149011612,0.0,0.10000000149011612,0.0,0.10000000149011612,0.0,0.10000000149011612,0.0,0.10000000149011612,0.0,0.10000000149011612,0.0,0.10000000149011612,0.0,0.10000000149011612,0.0,0.11999999731779099,0.0,0.11999999731779099,0.0,0.11999999731779099,0.0,0.11999999731779099,0.0,0.5199999809265137,0.0,0.0009960967771506667,0.0,1.7397025163109239,0.9533044520084425,0.9635135135135134,0.021032949211180256,0.10000000149011612,0.0,0.10000000149011612,0.0,0.10000000149011612,0.0,0.10000000149011612,0.0,0.10000000149011612,0.0,0.10000000149011612,0.0,0.10000000149011612,0.0,0.10000000149011612,0.0,0.10000000149011612,0.0,0.10000000149011612,0.0,0.10000000149011612,0.0,0.10000000149011612,0.0,0.10000000149011612,0.0,0.10000000149011612,0.0,0.10000000149011612,0.0,0.10000000149011612,0.0,0.10000000149011612,0.0,0.10000000149011612,0.0,0.10000000149011612,0.0,0.10000000149011612,0.0,0.10000000149011612,0.0,0.10000000149011612,0.0,0.10000000149011612,0.0,0.10000000149011612,0.0,0.10000000149011612,0.0,0.10000000149011612,0.0,0.10000000149011612,0.0,0.10000000149011612,0.0,0.10000000149011612,0.0,0.10000000149011612,0.0,0.10000000149011612,0.0,0.10000000149011612,0.0,0.10000000149011612,0.0,0.10000000149011612,0.0,0.10000000149011612,0.0,0.10000000149011612,0.0,0.10000000149011612,0.0,0.10000000149011612,0.0,0.10000000149011612,0.0,0.10000000149011612,0.0,0.10000000149011612,0.0,0.10000000149011612,0.0,0.10000000149011612,0.0,0.10000000149011612,0.0,0.10000000149011612,0.0,0.10000000149011612,0.0,0.10000000149011612,0.0,0.10000000149011612,0.0,0.10000000149011612,0.0,0.10000000149011612,0.0,0.11999999731779099,0.0,0.11999999731779099,0.0,0.11999999731779099,0.0,0.11999999731779099,0.0,0.5199999809265137,0.0,5,1015.9884305000305
1.5284482964873314,0.7691721879052672,0.9684749999999999,0.02075721260188854,0.10000000149011612,0.0,0.10000000149011612,0.0,0.10000000149011612,0.0,0.10000000149011612,0.0,0.10000000149011612,0.0,0.10000000149011612,0.0,0.10000000149011612,0.0,0.10000000149011612,0.0,0.10000000149011612,0.0,0.10000000149011612,0.0,0.10000000149011612,0.0,0.10000000149011612,0.0,0.10000000149011612,0.0,0.10000000149011612,0.0,0.10000000149011612,0.0,0.10000000149011612,0.0,0.10000000149011612,0.0,0.10000000149011612,0.0,0.10000000149011612,0.0,0.10000000149011612,0.0,0.10000000149011612,0.0,0.10000000149011612,0.0,0.10000000149011612,0.0,0.10000000149011612,0.0,0.10000000149011612,0.0,0.10000000149011612,0.0,0.10000000149011612,0.0,0.10000000149011612,0.0,0.10000000149011612,0.0,0.10000000149011612,0.0,0.10000000149011612,0.0,0.10000000149011612,0.0,0.10000000149011612,0.0,0.10000000149011612,0.0,0.10000000149011612,0.0,0.10000000149011612,0.0,0.10000000149011612,0.0,0.10000000149011612,0.0,0.10000000149011612,0.0,0.10000000149011612,0.0,0.10000000149011612,0.0,0.10000000149011612,0.0,0.10000000149011612,0.0,0.10000000149011612,0.0,0.10000000149011612,0.0,0.10000000149011612,0.0,0.10000000149011612,0.0,0.10000000149011612,0.0,0.10000000149011612,0.0,0.10000000149011612,0.0,0.10000000149011612,0.0,0.10000000149011612,0.0,0.10000000149011612,0.0,0.10000000149011612,0.0,0.6000000238418579,0.0,0.0009939057285945935,2.168404344971009e-19,1.5767976617490924,0.8480400087611253,0.9648648648648648,0.01811138534281111,0.10000000149011612,0.0,0.10000000149011612,0.0,0.10000000149011612,0.0,0.10000000149011612,0.0,0.10000000149011612,0.0,0.10000000149011612,0.0,0.10000000149011612,0.0,0.10000000149011612,0.0,0.10000000149011612,0.0,0.10000000149011612,0.0,0.10000000149011612,0.0,0.10000000149011612,0.0,0.10000000149011612,0.0,0.10000000149011612,0.0,0.10000000149011612,0.0,0.10000000149011612,0.0,0.10000000149011612,0.0,0.10000000149011612,0.0,0.10000000149011612,0.0,0.10000000149011612,0.0,0.10000000149011612,0.0,0.10000000149011612,0.0,0.10000000149011612,0.0,0.10000000149011612,0.0,0.10000000149011612,0.0,0.10000000149011612,0.0,0.10000000149011612,0.0,0.10000000149011612,0.0,0.10000000149011612,0.0,0.10000000149011612,0.0,0.10000000149011612,0.0,0.10000000149011612,0.0,0.10000000149011612,0.0,0.10000000149011612,0.0,0.10000000149011612,0.0,0.10000000149011612,0.0,0.10000000149011612,0.0,0.10000000149011612,0.0,0.10000000149011612,0.0,0.10000000149011612,0.0,0.10000000149011612,0.0,0.10000000149011612,0.0,0.10000000149011612,0.0,0.10000000149011612,0.0,0.10000000149011612,0.0,0.10000000149011612,0.0,0.10000000149011612,0.0,0.10000000149011612,0.0,0.10000000149011612,0.0,0.10000000149011612,0.0,0.10000000149011612,0.0,0.10000000149011612,0.0,0.10000000149011612,0.0,0.10000000149011612,0.0,0.6000000238418579,0.0,6,1022.4012870788574
1.523573655128479,0.8453907871435962,0.9686,0.021352166166457222,0.10000000149011612,0.0,0.10000000149011612,0.0,0.10000000149011612,0.0,0.10000000149011612,0.0,0.10000000149011612,0.0,0.10000000149011612,0.0,0.10000000149011612,0.0,0.10000000149011612,0.0,0.10000000149011612,0.0,0.10000000149011612,0.0,0.10000000149011612,0.0,0.10000000149011612,0.0,0.10000000149011612,0.0,0.10000000149011612,0.0,0.10000000149011612,0.0,0.10000000149011612,0.0,0.10000000149011612,0.0,0.10000000149011612,0.0,0.10000000149011612,0.0,0.10000000149011612,0.0,0.10000000149011612,0.0,0.10000000149011612,0.0,0.10000000149011612,0.0,0.10000000149011612,0.0,0.10000000149011612,0.0,0.10000000149011612,0.0,0.10000000149011612,0.0,0.10000000149011612,0.0,0.10000000149011612,0.0,0.10000000149011612,0.0,0.10000000149011612,0.0,0.10000000149011612,0.0,0.10000000149011612,0.0,0.10000000149011612,0.0,0.10000000149011612,0.0,0.10000000149011612,0.0,0.10000000149011612,0.0,0.10000000149011612,0.0,0.10000000149011612,0.0,0.10000000149011612,0.0,0.10000000149011612,0.0,0.10000000149011612,0.0,0.10000000149011612,0.0,0.10000000149011612,0.0,0.10000000149011612,0.0,0.10000000149011612,0.0,0.10000000149011612,0.0,0.10000000149011612,0.0,0.10000000149011612,0.0,0.10000000149011612,0.0,0.07999999821186066,0.0,0.07999999821186066,0.0,0.07999999821186066,0.0,0.07999999821186066,0.0,0.6800000071525574,0.0,0.000991232189110701,0.0,1.6473395776104283,0.6810673643139855,0.9638513513513514,0.015591865890830184,0.10000000149011612,0.0,0.10000000149011612,0.0,0.10000000149011612,0.0,0.10000000149011612,0.0,0.10000000149011612,0.0,0.10000000149011612,0.0,0.10000000149011612,0.0,0.10000000149011612,0.0,0.10000000149011612,0.0,0.10000000149011612,0.0,0.10000000149011612,0.0,0.10000000149011612,0.0,0.10000000149011612,0.0,0.10000000149011612,0.0,0.10000000149011612,0.0,0.10000000149011612,0.0,0.10000000149011612,0.0,0.10000000149011612,0.0,0.10000000149011612,0.0,0.10000000149011612,0.0,0.10000000149011612,0.0,0.10000000149011612,0.0,0.10000000149011612,0.0,0.10000000149011612,0.0,0.10000000149011612,0.0,0.10000000149011612,0.0,0.10000000149011612,0.0,0.10000000149011612,0.0,0.10000000149011612,0.0,0.10000000149011612,0.0,0.10000000149011612,0.0,0.10000000149011612,0.0,0.10000000149011612,0.0,0.10000000149011612,0.0,0.10000000149011612,0.0,0.10000000149011612,0.0,0.10000000149011612,0.0,0.10000000149011612,0.0,0.10000000149011612,0.0,0.10000000149011612,0.0,0.10000000149011612,0.0,0.10000000149011612,0.0,0.10000000149011612,0.0,0.10000000149011612,0.0,0.10000000149011612,0.0,0.10000000149011612,0.0,0.10000000149011612,0.0,0.10000000149011612,0.0,0.10000000149011612,0.0,0.10000000149011612,0.0,0.07999999821186066,0.0,0.07999999821186066,0.0,0.07999999821186066,0.0,0.07999999821186066,0.0,0.6800000071525574,0.0,7,1020.2834961414337
1.2735087554454803,0.7684013303331195,0.97445,0.018532336603893227,0.10000000149011612,0.0,0.10000000149011612,0.0,0.10000000149011612,0.0,0.10000000149011612,0.0,0.10000000149011612,0.0,0.10000000149011612,0.0,0.10000000149011612,0.0,0.10000000149011612,0.0,0.10000000149011612,0.0,0.10000000149011612,0.0,0.10000000149011612,0.0,0.10000000149011612,0.0,0.10000000149011612,0.0,0.10000000149011612,0.0,0.10000000149011612,0.0,0.10000000149011612,0.0,0.10000000149011612,0.0,0.10000000149011612,0.0,0.10000000149011612,0.0,0.10000000149011612,0.0,0.10000000149011612,0.0,0.10000000149011612,0.0,0.10000000149011612,0.0,0.10000000149011612,0.0,0.10000000149011612,0.0,0.10000000149011612,0.0,0.10000000149011612,0.0,0.10000000149011612,0.0,0.10000000149011612,0.0,0.10000000149011612,0.0,0.10000000149011612,0.0,0.10000000149011612,0.0,0.10000000149011612,0.0,0.10000000149011612,0.0,0.10000000149011612,0.0,0.10000000149011612,0.0,0.10000000149011612,0.0,0.10000000149011612,0.0,0.10000000149011612,0.0,0.10000000149011612,0.0,0.10000000149011612,0.0,0.10000000149011612,0.0,0.10000000149011612,0.0,0.10000000149011612,0.0,0.10000000149011612,0.0,0.10000000149011612,0.0,0.10000000149011612,0.0,0.10000000149011612,0.0,0.10000000149011612,0.0,0.10000000149011612,0.0,0.05999999865889549,0.0,0.05999999865889549,0.0,0.05999999865889549,0.0,0.05999999865889549,0.0,0.7599999904632568,0.0,0.00098807879715968,0.0,1.2220185423219525,0.6595153747523395,0.9729729729729728,0.01803560515545831,0.10000000149011612,0.0,0.10000000149011612,0.0,0.10000000149011612,0.0,0.10000000149011612,0.0,0.10000000149011612,0.0,0.10000000149011612,0.0,0.10000000149011612,0.0,0.10000000149011612,0.0,0.10000000149011612,0.0,0.10000000149011612,0.0,0.10000000149011612,0.0,0.10000000149011612,0.0,0.10000000149011612,0.0,0.10000000149011612,0.0,0.10000000149011612,0.0,0.10000000149011612,0.0,0.10000000149011612,0.0,0.10000000149011612,0.0,0.10000000149011612,0.0,0.10000000149011612,0.0,0.10000000149011612,0.0,0.10000000149011612,0.0,0.10000000149011612,0.0,0.10000000149011612,0.0,0.10000000149011612,0.0,0.10000000149011612,0.0,0.10000000149011612,0.0,0.10000000149011612,0.0,0.10000000149011612,0.0,0.10000000149011612,0.0,0.10000000149011612,0.0,0.10000000149011612,0.0,0.10000000149011612,0.0,0.10000000149011612,0.0,0.10000000149011612,0.0,0.10000000149011612,0.0,0.10000000149011612,0.0,0.10000000149011612,0.0,0.10000000149011612,0.0,0.10000000149011612,0.0,0.10000000149011612,0.0,0.10000000149011612,0.0,0.10000000149011612,0.0,0.10000000149011612,0.0,0.10000000149011612,0.0,0.10000000149011612,0.0,0.10000000149011612,0.0,0.10000000149011612,0.0,0.10000000149011612,0.0,0.10000000149011612,0.0,0.05999999865889549,0.0,0.05999999865889549,0.0,0.05999999865889549,0.0,0.05999999865889549,0.0,0.7599999904632568,0.0,8,1020.5015552043915
1.1550259294807912,0.6972439810990202,0.976575,0.01747374816689312,0.10000000149011612,0.0,0.10000000149011612,0.0,0.10000000149011612,0.0,0.10000000149011612,0.0,0.10000000149011612,0.0,0.10000000149011612,0.0,0.10000000149011612,0.0,0.10000000149011612,0.0,0.10000000149011612,0.0,0.10000000149011612,0.0,0.10000000149011612,0.0,0.10000000149011612,0.0,0.10000000149011612,0.0,0.10000000149011612,0.0,0.10000000149011612,0.0,0.10000000149011612,0.0,0.10000000149011612,0.0,0.10000000149011612,0.0,0.10000000149011612,0.0,0.10000000149011612,0.0,0.10000000149011612,0.0,0.10000000149011612,0.0,0.10000000149011612,0.0,0.10000000149011612,0.0,0.10000000149011612,0.0,0.10000000149011612,0.0,0.10000000149011612,0.0,0.10000000149011612,0.0,0.10000000149011612,0.0,0.10000000149011612,0.0,0.10000000149011612,0.0,0.10000000149011612,0.0,0.10000000149011612,0.0,0.10000000149011612,0.0,0.10000000149011612,0.0,0.10000000149011612,0.0,0.10000000149011612,0.0,0.10000000149011612,0.0,0.10000000149011612,0.0,0.10000000149011612,0.0,0.10000000149011612,0.0,0.10000000149011612,0.0,0.10000000149011612,0.0,0.10000000149011612,0.0,0.10000000149011612,0.0,0.10000000149011612,0.0,0.10000000149011612,0.0,0.10000000149011612,0.0,0.10000000149011612,0.0,0.10000000149011612,0.0,0.03999999910593033,0.0,0.03999999910593033,0.0,0.03999999910593033,0.0,0.03999999910593033,0.0,0.8399999737739563,0.0,0.0009844486647586723,0.0,1.6565403970512185,0.6960934458991266,0.9638513513513516,0.019448429681924673,0.10000000149011612,0.0,0.10000000149011612,0.0,0.10000000149011612,0.0,0.10000000149011612,0.0,0.10000000149011612,0.0,0.10000000149011612,0.0,0.10000000149011612,0.0,0.10000000149011612,0.0,0.10000000149011612,0.0,0.10000000149011612,0.0,0.10000000149011612,0.0,0.10000000149011612,0.0,0.10000000149011612,0.0,0.10000000149011612,0.0,0.10000000149011612,0.0,0.10000000149011612,0.0,0.10000000149011612,0.0,0.10000000149011612,0.0,0.10000000149011612,0.0,0.10000000149011612,0.0,0.10000000149011612,0.0,0.10000000149011612,0.0,0.10000000149011612,0.0,0.10000000149011612,0.0,0.10000000149011612,0.0,0.10000000149011612,0.0,0.10000000149011612,0.0,0.10000000149011612,0.0,0.10000000149011612,0.0,0.10000000149011612,0.0,0.10000000149011612,0.0,0.10000000149011612,0.0,0.10000000149011612,0.0,0.10000000149011612,0.0,0.10000000149011612,0.0,0.10000000149011612,0.0,0.10000000149011612,0.0,0.10000000149011612,0.0,0.10000000149011612,0.0,0.10000000149011612,0.0,0.10000000149011612,0.0,0.10000000149011612,0.0,0.10000000149011612,0.0,0.10000000149011612,0.0,0.10000000149011612,0.0,0.10000000149011612,0.0,0.10000000149011612,0.0,0.10000000149011612,0.0,0.10000000149011612,0.0,0.10000000149011612,0.0,0.03999999910593033,0.0,0.03999999910593033,0.0,0.03999999910593033,0.0,0.03999999910593033,0.0,0.8399999737739563,0.0,9,1024.7540438175201
1.062576618015766,0.6767382418149941,0.9773999999999998,0.01717163358565517,0.10000000149011612,0.0,0.10000000149011612,0.0,0.10000000149011612,0.0,0.10000000149011612,0.0,0.10000000149011612,0.0,0.10000000149011612,0.0,0.10000000149011612,0.0,0.10000000149011612,0.0,0.10000000149011612,0.0,0.10000000149011612,0.0,0.10000000149011612,0.0,0.10000000149011612,0.0,0.10000000149011612,0.0,0.10000000149011612,0.0,0.10000000149011612,0.0,0.10000000149011612,0.0,0.10000000149011612,0.0,0.10000000149011612,0.0,0.10000000149011612,0.0,0.10000000149011612,0.0,0.10000000149011612,0.0,0.10000000149011612,0.0,0.10000000149011612,0.0,0.10000000149011612,0.0,0.10000000149011612,0.0,0.10000000149011612,0.0,0.10000000149011612,0.0,0.10000000149011612,0.0,0.10000000149011612,0.0,0.10000000149011612,0.0,0.10000000149011612,0.0,0.10000000149011612,0.0,0.10000000149011612,0.0,0.10000000149011612,0.0,0.10000000149011612,0.0,0.10000000149011612,0.0,0.10000000149011612,0.0,0.10000000149011612,0.0,0.10000000149011612,0.0,0.10000000149011612,0.0,0.10000000149011612,0.0,0.10000000149011612,0.0,0.10000000149011612,0.0,0.10000000149011612,0.0,0.10000000149011612,0.0,0.10000000149011612,0.0,0.10000000149011612,0.0,0.10000000149011612,0.0,0.10000000149011612,0.0,0.10000000149011612,0.0,0.019999999552965164,0.0,0.019999999552965164,0.0,0.019999999552965164,0.0,0.019999999552965164,0.0,0.9200000166893005,0.0,0.0009803453744100868,0.0,1.0676746859743789,0.4965459853991115,0.9733108108108107,0.015960826771645585,0.10000000149011612,0.0,0.10000000149011612,0.0,0.10000000149011612,0.0,0.10000000149011612,0.0,0.10000000149011612,0.0,0.10000000149011612,0.0,0.10000000149011612,0.0,0.10000000149011612,0.0,0.10000000149011612,0.0,0.10000000149011612,0.0,0.10000000149011612,0.0,0.10000000149011612,0.0,0.10000000149011612,0.0,0.10000000149011612,0.0,0.10000000149011612,0.0,0.10000000149011612,0.0,0.10000000149011612,0.0,0.10000000149011612,0.0,0.10000000149011612,0.0,0.10000000149011612,0.0,0.10000000149011612,0.0,0.10000000149011612,0.0,0.10000000149011612,0.0,0.10000000149011612,0.0,0.10000000149011612,0.0,0.10000000149011612,0.0,0.10000000149011612,0.0,0.10000000149011612,0.0,0.10000000149011612,0.0,0.10000000149011612,0.0,0.10000000149011612,0.0,0.10000000149011612,0.0,0.10000000149011612,0.0,0.10000000149011612,0.0,0.10000000149011612,0.0,0.10000000149011612,0.0,0.10000000149011612,0.0,0.10000000149011612,0.0,0.10000000149011612,0.0,0.10000000149011612,0.0,0.10000000149011612,0.0,0.10000000149011612,0.0,0.10000000149011612,0.0,0.10000000149011612,0.0,0.10000000149011612,0.0,0.10000000149011612,0.0,0.10000000149011612,0.0,0.10000000149011612,0.0,0.10000000149011612,0.0,0.10000000149011612,0.0,0.019999999552965164,0.0,0.019999999552965164,0.0,0.019999999552965164,0.0,0.019999999552965164,0.0,0.9200000166893005,0.0,10,1015.8215403556824
